{
  "model": "final_weighted_fusion",
  "model_path": "models\\best_model.joblib",
  "validation_size": 401,
  "threshold": 0.03,
  "weights": {
    "tfidf": 0.6,
    "bertweet": 0.2,
    "mpnet": 0.2
  },
  "metrics": {
    "accuracy": 0.8952618453865336,
    "precision": 0.9030303030303031,
    "recall": 0.8514285714285714,
    "f1": 0.8764705882352941,
    "tn": 210,
    "fp": 16,
    "fn": 26,
    "tp": 149
  }
}